Item Name,Sale Price,Free Shipping,Total reviews
Gold initial/Number Bracelet - Silver Personalized Birthstone Bracelet-Gifts for Her - Christmas Gifts - Birthday Gifts - Personalized Gifts,15.48,O,2k
Freshwater Keshi Pearl Bracelet. Half Pearl Half Chain Bracelet. Heart Charm Bracelet. Toggle Bracelet. Gift For Her. Wedding Bridal Gift.,58.73,O,626
"Personalized Word Bracelet, Kids Name Bracelet, Stacking Mama Bracelet, Custom Name Beaded Bracelet, Personalized Gift, Stretch Bracelet",14.00,X,3.8k
Friendship bracelet - Embroidered bracelet - wwjd bracelet- tassel bracelet - bachelorette party - birthday gift - baby shower gift - mama,12.00,X,9.1k
"Sterling Silver Alphabet Initial Letter Bracelet, S925 Beaded Name Zodiac Bracelet, Personalised Minimalist Bracelet, Gift for Her",11.87,X,529
Full moon bangle bracelet,42.00,O,3.3k
"DIY Friendship Bracelet Kit, Make your own jewellery, Pastel bracelet set, Easy crafts for adults, Letterbox craft kit",18.58,X,588
Gold Plated Bracelet Laurel Leaves trendy pendant bracelet minimalist gold ear chain bracelet,27.26,X,641
Thin Custom Coordinates Cuff Bracelets - Coordinates Bracelets - Personalized Latitude Longitude Jewelry - Skinny Silver Cuffs,35.20,X,51.8k
Mother’s Day Bracelet | Mama Bracelet | Mom Bracelet | Grandmother Bracelet | Mommy Bracelet | Gift For Mom |,5.51,X,5.8k
Zodiac Bracelet • Astrology Bracelet • Zodiac Constellation • Virgo Zodiac • Pisces Bracelet • Aquarius Jewelry • Zodiac Birthday ZODZ,22.10,O,72.1k
"Dainty Personalized Bar Bracelet for Names, Dates, Coordinates | 14k Gold Fill, Sterling Silver, Rose Gold | LB130_30",61.00,O,82.2k
London Blue Topaz / 3MM Cuban Curb Link Chain Bracelet with Bezel Setting Oval Blue Topaz by Ferkos Fine jewelry,315.00,O,31.1k
Personalised Silver Couples Bracelet Set,118.08,O,1.6k
Personalised 18ct Rose Gold Plated Friendship Bracelet,59.71,X,14.1k
"Girl Mom Bracelet, Boy Mom Bracelet, Fur Mama Bracelet, Bracelet for Mama, Mother's Day Gift for Mom",20.00,X,691
Carnelian Hematite Lava Stone Bracelet | Handmade Matte Bracelet | Unisex Jewelry,44.00,O,23
Personalised Men's Nautical Double Strand Rope Bracelet With Bolt Clasp - Mens Jewelry - Nautical Jewellery - Gifts For Him - Mens Gift,39.80,X,4.4k
14k Solid Gold Diamond Bar Bracelet / Pave Diamond Bar Bracelet / Line Diamond Bar Minimalist Bracelet  / Dainty Diamond Bar Bracelet,267.77,O,5.9k
"Teacher Bracelet, Pencil Bracelet, Stackable Bracelet, Teacher Heishi Bracelet, Pencil Heishi Bracelet, Teacher Gift, Gifts for Teachers",9.99,X,4.8k
"Antique silver fists bracelet, silver plated double punches open cuff, minimal torque bracelet, striking hands unisex bracelet, gift idea",51.33,O,12.7k
"Tila bracelet, silk cord bracelet, Stacking bracelet, Letterbox gift idea for her",21.10,X,1.6k
"Thin Rose Gold Bangle Bracelet, Set Of 3, Minimalist Bangle, Delicate Bangle, Dainty Simple Stacking Bangle Women | Celebration Bangles",189.99,O,311
Birthstone Bracelet • Sterling Silver Birthstone Bracelet • Custom Family Bracelet • Mother and Childs Bracelet • Custom Birthstone Bracelet,23.86,O,11.8k
"Sheila Name Bracelet Gold, Name Bracelet, Vintage Name Bracelet Gold, Vintage Name Bracelet, Gold Bracelet, Vintage Bracelet",16.50,X,13.1k
"Dainty Rose Quartz Bracelet, Tiny Pale Pink Gemstone Stacking Bracelet, Sterling Silver Gold Fill, Love and Friendship Bracelet Gift for Her",42.46,X,2.2k
"Lush Bangle Cuffs in Sky, Peach, and Lily Pad | Italian Acetate Resin Cuff Bangle Bracelet",15.00,O,21k
Gold-plated flower and leaf bangle bracelet,136.88,O,1.1k
"Personalised Couple Initials Diamond Bracelet, 14K Customised Two Initials Bracelet, Custom Name Bracelets, Letters Charm Bracelet",123.75,O,16
"Men's Gold Personalised Morse Code Wrap Bracelet, Mens custom bracelet, Gold Custom bracelet, Morse code bracelet, Secret message bracelet",325.06,O,1.6k
Lotus Bracelet in Gold Colour | Delicate Bracelet with Lotus Flower Pendant Stainless Steel Jewellery for Women,21.56,X,13.8k
"14k Solid Gold Heart Bracelet, Dainty Open Heart Bracelet, 18k Gold Cz Diamond Heart Jewelry, Wedding Gift, Anniversary Gift, Birthday Gift",168.91,O,663
"Terra Layered Bracelets in Gold | Delicate + Dainty, Adjustable Sizing, Sophisticated Bohemian Jewelry, Womens Accessory, Gift",16.20,X,1.6k
Rustic Mens Bracelet - Custom Bracelet Engraved - Silver Cuff Bracelet Men - Mens Jewelry,89.00,O,2.7k
"SALE 5 Kingman Turquoise cuff bracelet, sterling silver (see description) free shipping",378.00,O,133
Gold Watch Band Style Bracelet by West Jem Collective | Link Style Bracelet,27.29,O,14
"Medical Emergency Contact Bracelet, Custom Medical Alert Bracelet, Custom Id Bracelet, Medical Emergency Bracelet, Unisex Medical ID",15.99,X,1.9k
"Carnelian bracelet, gold filled or silver, minimalist jewelry, natural stone, carnelian jewelry, gold bracelet, sterling silver, crystal",29.54,X,17.1k
"Anklet Silver Chain, Chain Ankle Bracelet for Women, Sterling Silver Curb Chain, Girlfriend Gift, Gift for Wife, Thick Chain Anklet",49.67,O,349
"Acacia wood bracelet, Thin wooden bangles, Wood geometric bracelet, Circle wood bracelet for women, 40th birthday gifts, Engraved bracelet",21.00,X,1k
"Mini Cuff Style Italian Leather Bracelet Gold Turn Lock, 9 colors, Designer Style Leather Bracelet, Gold hardware, Made to order USA",33.30,X,951
Coral Pink Beaded Bar Bracelet - Gold Filled or Sterling Silver - Nuelle,31.00,X,5.2k
florian steel o ring abstract chain bracelet | streetwear punk grunge hip hop aesthetic jewelry industrial modern bohemian style,37.00,O,1.2k
"Birthstone Bracelet, Gift For Her,Personalized Birthstone Bracelet, Raw Birthstone Cuff Bracelet, Personalized Gift, Raw Stone Jewelry, Gift",89.10,O,6.7k
Personalized Silver Name Bracelets - Custom Word Bracelet - Heishi Bead Name Bracelet Stack - Women's Beaded Mama Bracelet,8.00,X,6k
Minimalist boho chic bracelet in gold or silver leaf chain. Wedding bride bracelet / Christmas gift woman girl BRCH35,21.10,X,2k
925 Sterling Silver Bracelets | Dainty Minimalist Chains | Choker Necklace | Snake Box Cable Figure Rope Ball Beaded Paperclip,18.63,X,5.9k
"Concrete Stone Bracelet, Pebbel bracelet, Stone bracelet, Heavy bracelet",68.44,O,300
"Gold Citrine Bracelet, Citrine Jewelry, Citrine Bracelet for Women, November Birthstone Bracelet, Dainty Bracelet",25.50,X,11.9k
"Top quality heart blue diamond& diamonds bracelet, s925 silver plated 18k gold and white gold. Gift for her",192.12,O,451
Personalised Engraved Disc Bracelet,51.74,O,1.6k
"Dainty Garnet Bracelet, Delicate Garnet gold Stacking Bracelet, genuine garnet bracelets, Tiny Beads Garnet 3mm | garnet bracelet #EBGP1001",69.85,O,10k
Red string bracelet | Simple bracelet | Goodluck bracelet,34.20,O,11.3k
925 sterling silver bracelets 9 styles | Dainty minimalist chains bracelets | Snake Box cable figure rope Ball beaded paperclip chain,19.02,X,5.9k
14K Solid Gold Infinity Bracelets • 14K Real Gold Eternity Bracelets • Unique Gold CrescentBracelets • 14K Solid Gold Friendship Bracelets,105.00,O,14
"Pastel Love Friendship Heishi Bead Bracelet, Women and Child Bracelet",13.69,X,430
14k Gold Two-Sided Diamond Bracelet / Both-Sided Diamond by the Yard Bracelet / Double Sided Solitaire Diamond Bracelet / Gift for Her,177.08,O,5.9k
Real Diamond Bar Bracelet for Women | 14k Solid Gold & Round Cut Diamond | 14k Ten Diamond Bar Bracelet | 0.12ctw Diamonds | Gift for Her,172.72,O,495
"CUSTOM Birthday Gift Morse Code Men Bracelet • Father's Day Gift for Boyfriend, Brother, Husband • Hidden Message Bracelet | ‘Zeke’",32.25,X,8.1k
Personalized Birthstone Bracelet Initial Mom Gift Christmas Gift Sister Bracelets Birthstone Jewelry Birthday Gift Friendship Bracelet,24.50,O,9.3k
Personalized Name Bracelet - Gold Name Jewelry - Christmas Gifts - Bridesmaid Gifts - Gifts for Her - Custom Bracelet - Gifts for Mom,14.67,O,2k
JANUARY Bracelet / January Birthday Jewelry / Birthday Jewelry / Birthstone Bracelet / Silk / garnet / Gemstone Jewelry,12.50,X,4.6k
"Evil Eye Wish Bracelet, Tie on Bracelet, Girls Bracelet, Jewellery, Friendship Bracelet, Wish Bracelet, Evil Eye, Make a Wish Bracelet, BFF",7.30,X,558
"Antique silver signet cuff, one flat line bracelet, arm candy, bohemian stacking layering modern minimalist abstract bangle jewellery, gift",28.74,X,398
Larimar Bracelet Taylor-made,29.00,O,25
"Smoky Quartz Gemstone Bracelet, Delicate Tiny Gemstone & Gold Fill or Sterling Silver Bracelet, Stacking Bracelet",47.76,X,2.2k
"Solid Gold Signature Name Bracelet Jewelry, Gold Name Bangle, Personalized Silver Cuff Bracelet, Silver Vermeil  Bracelet, 14k Gold Bangle",410.00,O,972
"Sterling Silver Bar Bracelet, Men's Leather Bracelet, Monogram, Hand Stamped Message",158.79,O,1.6k
"Gold Wire Handmade Bracelet/Silver,Gold Plated Wire/Unique Bracelets for Women/Elegant Bracelets/Gift for Her/Adjustable Colored Bracelet",56.63,X,"a d vertisement by Etsy seller
Advertisement from Etsy seller
BianhiJewelry
From shop BianhiJewelry"
"14k Solid Gold Chain Bracelet, 5.7MM Wide Cobra Bracelet, Curvy Linked Gold Bracelet Snake Shell Bracelet, Unique Gold Bracelet for Everyday",630.00,O,31.1k
"Real Flower Bracelet, Bracelet with Heather and Golden Flakes, Circle Resin Bracelet, Geometric Bracelet, Rose Gold Bracelet",13.92,X,982
"18K Gold Bracelet Men, Mens Bracelet 5mm Rope Chain, Mens Jewelry, Thick Gold Bracelet Link, Gold Bracelet Chains for Men- By Twistedpendant",19.89,X,27.8k
Pitching Bracelet,58.99,O,40
"Gold Thick Links Bracelet, Gold Coin Pendant, 24K Gold Plated Bracelet, Gold Cable Chain Bracelet, Gold Medallion Bracelet",39.58,O,525
"Seed Bead Pearl 1.5mm Dainty Bracelet, Beaded Bracelet, Bead Bar Barcelet, Tiny Gold Bracelet, Delicate Bracelet, Minimal Bracelet, GBB6",39.00,O,3.8k
"Crochet Wrap Bracelets, Boho Bracelets, Charm Bracelets, Textile Jewelry, Crochet Jewelry, Necklaces, Versatile Jewelry, Gift for Her,",34.00,X,500
Custom Birthstone Bangle // Multi Gemstone Bracelet // Mothers Personalized Family // Electroformed // Mother Daughter Gift For Mom,85.00,O,1.6k
"Amethyst Beaded Antique Gold Bracelet, Purple Gemstone Bracelet, Friendship Bracelet, February Birthstone Bracelet, 18K Gold and Silver",79.28,X,437
"Gold Chunky Bracelet , Devine Wrist Cuff",25.00,X,869
"Cuff Bracelet, Little Gem, Hummingbird Art, Blue, Green, Sublimated, Adjustable, Lightweight Aluminum, Native Made, Hummingbird Jewelry",12.00,X,574
Skinny Leather Bracelet Wrap For Her - Mothers Day Gif - Mother's Bracelet  - Children Names -  Gift For Mom - Moms Present - Kid names,26.05,O,1.9k
Engraved Baby Cuff Bracelet - Personalized Toddler Bracelet - Gold Baby Cuff - Actual Handwriting Cuff - Baptism Gift - Little Girl Bracelet,61.00,O,8.8k
"14k Gold Moon Bracelet, Solid Gold Crescent Moon Bracelet, Womens Dainty Bracelet, Pave Lab Diamond Cz Bracelet, Tiny Moon Bracelet",191.99,O,12.7k
"Handmade jewelry, 18K Solid Gold Red Line Bracelet, 2022 ANIMAL ZODIAC bracelet, Tiger Bracelet, 2022 New Year Gift, Lucky Bracelet - B035",170.07,O,370
"Real Diamonds Tennis Bracelet, Solid 14K/18K Gold, Delicate Bridal Bracelet, Thin Diamond Bracelet for Women, Rose/White/Yellow Gold","1,100.00",O,1.2k
Personalised Real Diamond Tiny Silver Star Bracelet,104.82,O,495
"myjori mountain bike wooden bracelet, bicycle, mountains, sailing rope, bracelet with engraving, wooden jewelry",28.52,X,2.3k
"Delicate bridal Bracelet, Wedding Jewelry, Bride Bracelet,  Bridesl Bracelet, Silver bracelet, vintage wedding bracelet, vintage, wedding",255.88,O,2.3k
"Herringbone Bracelet in Sterling Silver, Gold, Rose Gold • Dainty, Perfect for Everyday Wear • Perfect Gift for Her • BR003",22.05,O,565.9k
"Gold Filled Beaded Bracelet, 7 MM Layer Bracelets, Stack able Bracelets, Gift for Her, Isabella Celini",42.95,O,8.4k
"Gold Shell and Pearl Bracelet Set, Layering Two Bracelet Set, Gold Bracelet Set, Stacking Bracelets, Gift Set for Mom, Gift for Her, Hawaii",88.00,O,4.1k
"Personalize Letter Jewelry, Tiny Letter Bracelet, Custom Bracelet Gift for Women, Letter Bracelet, Gift Jewelry Personalized, Custom Gift",56.99,O,37.5k
18ct Gold Plated Or Sterling Silver Heart Link Bracelet,43.78,X,14.1k
"Round and Square Cluster Bracelet, 14k Solid Gold, Statement Bracelet,  Natural Diamonds, Gift for her","1,536.00",O,62
Limn | hand made dark grey pearl and silver chain half and half bracelet jewelry mens unisex accessories stainless steel,37.00,O,1.2k
Sunburst Chain Bracelet - Gold or Silver - Minimalist - Stacking Bracelets - 14k Gold Filled Choker - Dainty Chain - Gift for Her - Textured,35.00,O,24.4k
"Men Leather Bracelet, Valentine Gift For Him, Roman Numeral Bracelet, Personalized Bracelet For Men, Boyfriend Bracelet, Engraved Bracelet",43.92,O,8.1k
"Labradorite Bracelet Gold, Delicate Gemstone Stacking Skinny Bracelet, 14k Gold Fill Layering Jewelry",54.00,X,6.7k
"Personalized liberty cotton cord bracelet with medals to engrave and clasp • First name bracelet, Birth gift, mom Mother's Day",18.82,X,8.3k
"Adjustable Length Dainty Bracelet in 14K Gold, White Gold or Rose Gold over 925 Sterling Silver - Dainty Bracelet - Trove",57.28,O,9.1k
"Druzy Stacking Bracelets , Bezel Wrapped Gemstone Bangle in Silver Gold or Rose Gold , Stackable Gift Ideas",43.00,O,11.8k
Leather FRINGE bracelet black with gold badge,21.67,X,506
"Mama Bear with Two Cubs bracelet handmade, bear bracelet, sterling silver, bear jewellery, bear jewelry, bear cub bracelet, gift for mom",149.80,X,60
Mens Rope Bracelet | Red Rope Bracelet | Women Rope Bracelet | Stylish Bracelet | Climbing Bracelet | Mens Bracelet | NEVETdesigns,33.16,X,160
"Dainty Rainbow Gemstone Bracelet with Garnet, Tourmaline, Citrine, Apatite & Amethyst, Sterling Silver Rose Gold Fill",58.00,O,7.1k
"Blue Sapphire Bracelet, Sterling Silver, Yellow or Rose Gold Filled, Delicate Bracelet September Birthstone Jewelry Set",52.00,O,7.1k
"Singapore Chain with Bar Detail, Gold Chain Bracelet, 14K Solid Gold Bracelet, Simple Chain Bracelet, Layering Jewelry",99.00,O,4.8k
Personalized Leather Bracelet | Triple Wrap Bracelet for Him and Her | Anniversary Couple Gift | Jewelry | Rustic | Valentine's Day Gift,13.00,X,16.1k
"Wavy antique silver open cuff bracelet, sturdy silver abstract cuff bracelet, smooth curved minimal cuff, stacking bent bracelet,womens gift",34.22,X,12.7k
"Black Leather Bracelet, Double Strap Leather Cuff, Wolf Wristband. Leather Wristband Tooled leather Wristband. Black Bracelet Wolf",170.00,O,159
"Singapore Twist Chain, Delicate Gold Chain Bracelet, 18k Gold Filled Bracelet, Simple Twist Chain Bracelet Layering Jewelry Minimal Bracelet",45.02,X,2.3k
"Red Agate Dainty Gemstone Bracelet, Tiny 3mm Red Gemstone Beads, Gold Fill or 925 Sterling Silver, Delicate Minimalist Stacking Bracelet",47.76,X,2.2k
"Small Silver Square Pyramid Rivet Bangle Bracelet, Thin Silver Rivet Stud Bracelet, Silver Square Rivet Bracelet Silver Square Stud Bracelet",42.00,O,751
Gold Vermeil Birthstone Cluster Bracelet / 0.14 CT Moissanite Bracelet / Tiny Round Birthstone Cluster Charm / Layering Bracelet,52.00,O,1.4k
"Clover Bracelet, Clover Jewelry, Thin Bracelet, Thin Bangle, Clover Bangle, Medieval Bracelet, Thin Gold Bracelet, Thin Gold Bangle, Kailana",20.95,X,23.6k
"Heart charm  bracelet, gold heart  bracelet, large heart  bracelet, gold chunky link chain bracelet, 90s aesthetic bracelet, y2k style",35.93,X,962
Sapphire Bracelet Gemstone Bar Bracelet Birthstone Bracelet Gemstone Bracelet Gift For Her Dainty Gold Bracelet September BIrthstone,44.50,O,2k
"Freshwater Pearl Bridal Bracelet, Gold Wedding Bracelet, Gold Bridal Bracelet, Pearl Bridal Jewelry, Pearl Wedding Jewelry, Wedding~7045",26.25,X,30.3k
"Wheat Chain Bracelet, 14K Gold Plated Stainless Steel Chain, Vintage Bracelet Dainty, Waterproof Hypoallergenic Bracelet for Layering",39.99,O,3.5k
"Chain Bracelet, Gold Bracelets, Rope Chain Bracelet, Link Chain Bracelet, Gold Chain Bracelet, Layering Bracelet, Gold Filled Chain Bracelet",24.99,X,37.5k
"Real Pearl Beaded Bracelet, Freshwater Pearl Jewelry, Gift for Her, Sustainable Jewelry",32.60,O,225
"Dainty Layering Bracelet, Gold Infinity Jewelry, Minimal Layering Bracelet, Stacking Bracelets, in Silver, Gold, Gift for Her,Women Bracelet",12.99,X,37.5k
"Gold Mama Mini Bracelet Set, Mommy and Me Bracelets, Matching Mother Daughter Bracelets, Mom and Daughter, Mother's Day Gift from Daughter",11.00,X,3.8k
"Xl large chain bracelet, Chunky silver bracelet, thick steel unisex chain bracelet, modern big chain bracelet, oversized silver bracelet",36.85,X,962
Gold Bead Bracelet | Stackable Bracelets for Women | Delicate Gemstone Bracelet | Gold Hematite Jewelry | Crystal Square Bead Bracelet,30.75,O,3.3k
"Antique Silver WAVY Line cuff, Stacking Wristband Rope Bracelet Delicate Minimal Modern Abstract Bangle Jewellery, Gift for her, 6-7.5 inch",29.85,X,12.2k
"Initial Name 18k Gold Plated Bracelet with Diamond, Cz Diamond Bracelet with Two Side Letters",44.29,O,91
"Sterling Silver Bracelet Set, Set of Three Bracelets, Bar Bracelet, Paperclip Bracelet, Satellite Bracelet, Layering Bracelets, Gift for her",53.07,X,977
"Custom Pearl Bracelet, Choose Up to 7 Pearls, Dainty Freshwater Pearl Chain | 14k Gold Fill, Sterling Silver, Rose Gold | LB613",47.00,O,82.2k
Thinnest beaded friendship bracelet - 24k gold plated beads and red silk cord - Layering bracelet - Thin bridal or bridesmaid gift,13.69,X,111
"Satellite Bracelet • Dainty, Perfect for Everyday Wear • Perfect Gift for Her • Bridesmaid Gifts • BR013",20.30,O,565.9k
Tribal Jewelry-inspired Unisex Bracelet | Hand-printed Cotton Jersey - Personalized Mens Bracelet,35.00,O,4.6k
"Snake knot, Paracord bracelet in three colors, Survival paracord for men and women",22.81,X,13
"Beaded Bracelet With Natural Pearl, Stretch Freshwater Pearl Bracelet, Blueberry Milk Bracelet, Dainty Beaded Baroque Pearl Gold Bracelet",13.35,X,24
Lenora Dame Classic Pearl Bauble Charm Bracelet,84.00,O,5k
Personalized Name Bracelets - Custom Word Bracelet - Heishi Bead Name Bracelet Stack - Women's Beaded Mama Bracelet,8.00,X,6k
"Gold Marine Anklet Bracelet, Gold Filled Chain, Gold Anklet, Boho Anklet, Ankle Bracelet, Bohemian Jewelry Chain Anklet Gold Anklet Bracelet",46.57,X,2.3k
OELLA 14k Gold Filled Paperclip Bracelet With Clear Eye CZ | Gold Fill Pendant Bracelet | Delicate Mini Round Coin Charm Evil Eye,45.79,O,5.9k
"Charm Duck Line Bracelet, Cute Animal Duck Line Bracelet,Gold Duck Line Bracelet,Ducklings Line Bracelet,Everyday Jewelry Bracelet",33.00,O,255
14k Gold Bezel Setting Diamond Bracelet / Diamond Bracelet for Women / 14k Gold Solitaire Diamond Bracelet / Gift for Her,155.70,O,5.9k
"Mothers Birthstone Bracelet, Custom Gift for Mom, Personalized Birthstone Jewelry, Raw Stone Bracelet, Family Bracelet,Raw Crystal Bracelet.",89.10,O,6.7k
"NEW antique silver bamboo cuff bracelet, dainty delicate modern minimal stacking bangles hippie rock chic style layers bracelet gift for her",23.88,X,12.2k
"Gold snake cobra chain bracelet, stacked dainty gold shiny stainless steel bracelet stacking layering boho delicate minimalist gift 4 mom",17.11,X,2.8k
Pearl Bead Bracelet  Handmade Pearl Jewelry  Unique Pearl Bracelet  June Birthstone Bracelet  Christmas Gift for Wife Wire Wrapped Pearls,44.00,O,4k
Emerald Bracelet  May Birthstone Layering Bracelet  Raw Emerald Bracelet  Raw Emerald Pendant Bracelet  Jewelry Bracelets,52.80,O,4k
S I S T E R Morse Code Bracelet | Sister Bracelet | MORSE CODE Jewelry | Stackable bracelets | Gift | Everyday jewelry | sister morse code,12.00,X,4.6k
"Gold Personalised Tiny Disc Bracelet, Disc Bracelet with Letters and Bone Figures, Birthday Gift, Valentine's Day Gift for her",26.40,O,7
"Gold twisted rope cuff, stacking wristband bracelet, stacking rope bracelet boho delicate minimalist adjustable, free people style",20.53,X,2.8k
"Pink Opal Bracelet, Pink opal beaded bracelet | Soft Pink Beads | Peruvian pink opal bracelet, Pink Opal | pink opal heishi",85.37,O,10k
"Gold tone coins  bracelet, coin charms bracelet, multi charm bracelet, gold colour chunky bracelet,  retro style bracelet, aesthetic jewelry",86.23,X,962
"VAN 4 mm Real Round Freshwater Pearl Bracelet for Women, Gold Cultured Small Pearl Bracelet Toggle, Silver Pearl Bracelet Men, Gift for Her",23.36,O,4.3k
"Anklet, Diamond Anklet, Ankle Bracelet, Beach Jewelry, Boho Anklet, Beach Anklet, Summer Anklet, Gold Anklet, Summer Jewelry, Gift for Her",44.00,O,89.5k
"SNAKE BRACELET, Flat Silver Chain, Omega Chain, Sterling Silver Bracelet, Flexible Bracelet, Adjustable Bracelet, Gift for Her, Simple Chain",41.25,O,101
Blue and White Sea Glass Woven Bracelet--Adjustable Waterproof Bracelet or Anklet --Blue Thread with White Sea Glass Beads--Surfer Bracelet,15.29,O,2.6k
"Men Silver Bracelet, Men Cuff Bracelet, Men Metal Bracelets, Men Silver Bangle, Heavy Silver Bracelet, Men Jewelry, Black Silver Bracelet",111.78,X,1.3k
"pearl bracelet, name bracelet, custom hand stamped bracelet, personalized jewelry, wedding gift - freshwater pearls 6mm",40.90,O,5.7k
"Emerald Green Bracelet, Bridal Emerald Crystal Bracelet, Bridesmaids Bracelet, Bridal Dark Green Gold Bracelet, Emerald Boho Gold Bracelet",63.20,O,16.1k
"Morganite Bracelet,Moonstone Braelet,Leaf Bracelet,Handmade Bracelet,Solid 925 Sterling Silver Jewelry,Anniversary Gift Christmas Gfit",39.20,O,2.7k
"14K Gold Birthstone Bracelet, Silver Birthstone Bracelets, Custom Birthstone Jewelry, Birthday Gifts For Mom, Chirstmas Gifts For Mother's",22.61,O,1.3k
"Beaded Satellite Bracelet, Gold Beaded Bracelet, Dainty Layering Bracelet, Satellite Bracelet, Layering Gold Dainty Bracelet, Gift Bracelet",15.99,X,37.5k
Gold Charm Bracelet. Gold Chunky Charms. Chain Bracelet. Cute Charm Bracelet. Stack Bracelets. Gold Chain Bracelet.Gift for her,42.69,O,1.7k
"Leaf Bridal Bracelet, Flowers Wedding Bracelet, Boho Wedding Jewelry, Delicate Bracelet for gift, Boho bridal bracelet",45.12,O,131
Chloe - 14k gold heart bracelet - personalised heart bracelet - initial bracelet - silver heart - gold letter bracelet - girlfriend gift,47.76,O,2.2k
Woven minimalist bracelet with silk and linen,45.63,O,251
Custom Name Bead Bracelet with Thin Gold or Silver Accents | Heishi Bracelet,10.50,X,8.6k
Woodburned Bracelet MOLLO / Oak Wood Cuff Bracelet / Wide Bangle Bracelet / Handmade Natural Jewelry /,37.64,X,20
Initial Letter Pendant Bracelet Sterling Silver | Alphabet Bracelet with Zirconia Letter Charms A to Z,48.65,O,13.8k
"Name Bead Bracelet, Custom Name Bracelet, 14k Gold Filled Name Bracelet, Personalized Letter Bracelet, Customized Gift for Her",44.00,O,880
Statement Labradorite & Freshwater Pearl Bracelet |  Sparkly Grey AAA Natural Gemstones Beads Stacking Half And Half Bracelet Single Pearl,18.58,X,133
"Dainty Pearl Turquoise Bracelet, Turquoise Beaded Bracelet, June December Birthstone, Gemstone Bracelet, Gold Filled, Gifts, Gift for Women",89.00,O,4.1k
"Gold tone coin bracelet, chunky chain bracelet with charm, statement bracelet, big coin bracelet,  retro style bracelet, bracelet medallion",42.09,X,962
Amber PACIFIC bracelet,20.53,X,18
"Dainty Iolite Stretch Bracelet, Beaded Shaded Blue Gemstone Elastic Stacking Bracelet, Ultra Delicate Jewelry",38.00,O,7.1k
Silver Engraved Cuff - Mens Bracelet Personalized - Hand Stamped Cuff - Man Initial Bracelet - Man Silver Cuff Bracelet,89.00,O,2.7k
"Pearl Wedding Bracelet, Crystal Bridal Bracelet, Silver Floral Pearl Bracelet, Pearl Bridal Jewelry, Bracelet for Bride, Rose Gold, Daphne",37.40,O,1.7k
NEW! Dog Mom Bracelet SET | Custom Word Beaded Bracelets | Name Bracelet | Dog Mom Bracelets | Mothers Day Gift,36.00,O,12.6k
"Gold Link Chain Bracelets, Stack Bracelets, 18k Gold Filled Bracelets, Gold Chunky Bracelets Chain",24.11,X,7.7k
"Bohemian Antique silver FEATHERS bangle cuff stacking bracelet, Native American Navajo Inspired Arm Cuff Bangle, Native American jewellery",14.59,X,12.2k
Sterling Silver Emerald Bar Bracelets for Women Birthstone Bracelet Gemstone Bracelet Emerald Jewelry,34.50,X,2k
Beaded Name Adjustable Bracelet Gold Letters Personalized Gift for Women Fun Bohemian Colorful Heishi Beaded Bracelet,17.00,X,459
Personalized Paperclip Bracelet • Gold or Silver - Initial Bracelet - Birth Flower Chain Bracelet - Tag Charm - Birthday Gift for Her,95.00,O,24.4k
"Graduation gift for him, leather bracelet for man, personalized gift, man bracelet, graduation present, graduation bracelets, leather gifts",29.15,X,268
SET OF 2 Miyuki beads bracelets Morse code customizable (reduced price*),21.44,X,82
Star Bracelet | Gold or Silver Star Bracelet | Lunar Jewelry,39.60,O,11.3k
Personalisierte Armband - echte Blumen Armband mit oder ohne Wunschgravur - Hochzeit Armband Blumen- Brautjungfern Geschenk A172,31.82,X,19.2k
"Friendship bracelet with engraving, name bracelet, engraving bracelet, children's names, personalized bracelet, one size, initials, minimalist",17.84,X,4.1k
"Personalized gold-plated beaded bangle bracelet, unique gift for godmother, mom, best friend, grandma",67.30,X,108
Leather Cuff Bracelets For Women - Boho Minimalist Bracelet Stack Made From Soft Comfortable Leathers,42.00,O,2.7k
Airplane Bracelet - Wanderlust Gift - Aircraft Charm - Travel Lover - Pilot Gift - Plain - Stewardess Gift - Flight Attendant - Graduation,12.55,O,663
"Riley Keshi Baroque Pearl Bracelet, Adjustable Length Bridal Bracelet, 14k Gold-filled or 925 Sterling Silver 7mm Keshi Pearls",73.58,X,201
Gothic Bracelet • Old English Initial Bracelet • Silver Gothic Bracelet • Personalized Initial Bracelet • Curb Chain Initial Bracelet,23.86,O,11.8k
Baptism Gift Adjustable Bracelet Small Cross Leather Bracelet For Men or Women Baptism Gift for Her Silver Sideways Cross Confirmation Gift,33.73,O,8.6k
"Dainty Opal Pearl Bracelet, Dainty White Gemstone Bracelet, 14K Gold Filled, Tarnish Resistant, Stacking Bracelet, Minimalist Bracelet",34.93,O,390
Chunky Gold Bracelet,21.41,X,154
"coin charm  bracelet, chunky silver  chain bracelet, silver statement bracelet, big coin bracelet, retro old style bracelet,",42.60,X,962
"Ampersand Bangle, Ampersand Bracelet",15.60,X,4.6k
"Custom Number Bracelet, Special Date Anniversary Bracelet, Personalized Number Bracelet Gift, Special Date Jewelry",14.00,X,2.2k
"Evil Eye Bracelet, Personalized Evil Eye Letter Bracelet, Protection Bracelet, Evil Evil Eye Bracelet, Elegant Bracelet, Christmas Gifts",43.20,O,11.1k
"Sterling Silver Cuff Bracelets For Women, Silver Bracelet Wide Cuff, Beadweaving Bracelet, Woven Beaded Bracelet Band |""Castor""",101.52,O,335
"Custom Coordinates Bracelet, Personalised Valentine's Day Gift for Him Her, Boyfriend Girlfriend Gift, Engraved Wood Bracelet",22.49,X,6.5k
"Wide Leather Cuff Bracelet, Brown Leather Wrap Bracelet, Womens Leather Bracelet, Circle Bracelet, Leather and Metal Bracelet for Women",28.00,X,740
"Double Freshwater Pearl Open Cuff Bracelet, White Pearl Gold Bangle, Minimalist Pearl Bracelet, Statement Bracelet, Bridal Jewelry",38.25,O,148
"Personalized bracelet with real forget me not, custom , Remember • Bridesmaid Gifts • Personalized Jewelry Bracelet • gift for her • A050",41.63,X,19.2k
"Mens braided leather bracelet, mens rustic bracelet, fathers day gift, flat braided bracelet, stackable bracelet with stainless steel clasp",26.38,X,268
"14K Solid Gold Clover Bracelet, 14K Solid Gold Bracelet, Dainty Bracelet, Mother Of Pearl Bracelet, Real Gold Bracelet, Everyday bracelet",131.98,O,19
Emerald and Diamond Bracelet /  14k Prong Setting Alternating Diamond and Emerald Tennis Bracelet / Push Present / May Birthstone,"1,516.50",O,31.1k
"Ball Bracelet, Bead Bracelet,  Gold Bracelet, Gift Bracelet, Beaded Bracelet, Gold Beaded Bracelet, Gold Bead Bracelet, Stacking Bracelets",19.99,X,37.5k
"Dainty Morganite, Aquamarine, Heliodor (Multicolour Beryl) Gemstone Bracelet, Tiny Pale Pastel Pink & Blue Stacking Bracelet, Gold / Silver",43.78,X,2.2k
"Aruba- Handmade, colorful bracelet made of beads/beaded bracelets/gift girlfriend//colorful bracelet/beaded bracelet/mom/daisybraclet",24.98,X,2.8k
Walnut Wood Bracelet POEPOE / Statement Bracelet in Walnut Wood / Handmade Bracelet for Humans / Art Jewelry /,51.33,X,20
NEW Leopard Print Bracelet | Personalized Custom Beaded Name Bracelets | Custom Word Beaded Bracelets | Name Bracelet | Custom Bracelet,9.00,X,12.6k
Angel Wing Bracelet - Dainty Bracelet - Elegant - Wing Bracelet - Minimalist Jewelry - Best Friend - Wish Bracelet - Boho - Sports Team Wing,12.55,O,663
Rose Sun Bracelet • Silver Mother Of Pearl Enamel Sunshine Bracelet • Dainty Gold Sun Bracelet • Sterling Silver Sun Bracelet • Gift For Mom,23.86,O,11.8k
Personalized engraved couples leather bracelet leather cuff engraved leather bracelet engraved leather cuff custom leather Christmas Gift,24.00,O,5.7k
"Chunky thick links carabiner with key adjustable bracelet, love key oversized links carabiner bracelet, modern rock style bold chain cuff",54.75,O,12.7k
CZ Wedding Bracelet • Tennis Bracelet for Bride • CZ Bracelet for Wedding • Silver CZ Tennis Bracelet • Wedding Day Jewelry • 4914,41.25,O,30.3k
Personalized Hidden Morse Code Bracelet • Couples Bracelet Hidden Message in Morse Code,24.29,O,570
Vintage Silver Disc Heishi Bracelet | Personalized Name Bracelets | Custom Beaded Bracelets | Name Bracelet |  Womens Bracelets,8.00,X,12.6k
"Zig Zag Beaded Bracelet, Daisy Flower Bracelet, Gift For her, Friendship Bracelet, Handmade in UK,  Gold Filled Bracelet",21.76,X,244
"Square Bangle, Chunky Cuff, Statement Bangle, Designer Jewelry, Cube Cuff, Thick Bangle, Thick Bracelet, Brass Bracelet, Brass Bangle",198.00,X,1.4k
Personalized Coordinates bracelet - Personalized Latitude Longitude Jewelry - Coordinates Bangle,41.60,O,12.7k
Gold Chain Bracelet for Men - Simple Cuban Link Chain Bracelet - Boyfriend Gift - 14k Gold Filled or Sterling Silver - Gift for Dad,50.76,O,8k
"Dainty Double Chain Bracelet, Initial Charm Bracelet, Personalized Wrap Bracelet | 14k Gold Fill, Sterling Silver, Rose Gold | LB220",48.00,O,82.2k
"Vintage style flowers metal wristband, rustic solid silver plated open cuff, antique silver engraved floral pattern staked bracelet, gifts",34.22,X,12.7k
"Savaya Shell Bracelet, Handmade bracelet, Bead bracelet, Friendship bracelet, Beach bracelet, Gift for her, Surf bracelet, Pineapple Island",8.62,X,18k
Recycled skateboard bead bracelet,24.00,X,221
"3mm Gold Rope Chain Bracelet, Gold Rope Bracelet, Dainty Bracelet, Minimalist Bracelet, Gift for Her, Chain Bracelet,",36.80,O,89.5k
"Big silver sade bold cuff, thick silver plated bracelet, stacking statement bracelet boho delicate minimalist, free people style, 6-7.5 in",51.33,X,2.8k
"large glass bead bracelet, mustard pink peach bracelet, bright colour huge beads bracelet, colourful summer bead bracelet, y2k",35.93,X,962
"Dainty natural pearl bracelet, personalise the number of pearls to create a meaningful anniversary gift, 14k Gold filled chain, anti tarnish",21.76,X,279
"Garnet Bracelet Gold Filled, Dual Birthstone Bracelet, Open Cuff Bracelet, Sterling Garnet Bangle, Handmade Gift for her, Birthstone Jewelry",72.00,O,7.4k
"Large gold bracelet cuff, Hammered gold cuff bracelet, Unique bracelet, Rustic jewelry, Wide cuff bracelet gold Big bracelet, Open bangle",167.67,O,1.4k
